{"cameraMode":{"drawMode":0,"name":"Shaded","section":"Shading Mode"},"sceneLighting":true,"audioPlay":false,"sceneViewState":{"m_AlwaysRefresh":false,"showFog":true,"showSkybox":true,"showFlares":true,"showImageEffects":true,"showParticleSystems":true,"showVisualEffectGraphs":true,"m_FxEnabled":true},"in2DMode":false,"pivot":{"x":-0.14745818078517915,"y":-22.211692810058595,"z":8.205601692199707},"rotation":{"x":0.5624220967292786,"y":0.007453268859535456,"z":-0.005042801145464182,"w":0.8268547058105469},"size":19.35282325744629,"orthographic":false}